DateID,DatePeriod,MonthID
43831,2020-01-01,Y2020M1
43832,2020-01-02,Y2020M1
43833,2020-01-03,Y2020M1
43834,2020-01-04,Y2020M1
43835,2020-01-05,Y2020M1
43836,2020-01-06,Y2020M1
43837,2020-01-07,Y2020M1
43838,2020-01-08,Y2020M1
43839,2020-01-09,Y2020M1
43840,2020-01-10,Y2020M1
43841,2020-01-11,Y2020M1
43842,2020-01-12,Y2020M1
43843,2020-01-13,Y2020M1
43844,2020-01-14,Y2020M1
43845,2020-01-15,Y2020M1
43846,2020-01-16,Y2020M1
43847,2020-01-17,Y2020M1
43848,2020-01-18,Y2020M1
43849,2020-01-19,Y2020M1
43850,2020-01-20,Y2020M1
43851,2020-01-21,Y2020M1
43852,2020-01-22,Y2020M1
43853,2020-01-23,Y2020M1
43854,2020-01-24,Y2020M1
43855,2020-01-25,Y2020M1
43856,2020-01-26,Y2020M1
43857,2020-01-27,Y2020M1
43858,2020-01-28,Y2020M1
43859,2020-01-29,Y2020M1
43860,2020-01-30,Y2020M1
43861,2020-01-31,Y2020M1
43862,2020-02-01,Y2020M2
43863,2020-02-02,Y2020M2
43864,2020-02-03,Y2020M2
43865,2020-02-04,Y2020M2
43866,2020-02-05,Y2020M2
43867,2020-02-06,Y2020M2
43868,2020-02-07,Y2020M2
43869,2020-02-08,Y2020M2
43870,2020-02-09,Y2020M2
43871,2020-02-10,Y2020M2
43872,2020-02-11,Y2020M2
43873,2020-02-12,Y2020M2
43874,2020-02-13,Y2020M2
43875,2020-02-14,Y2020M2
43876,2020-02-15,Y2020M2
43877,2020-02-16,Y2020M2
43878,2020-02-17,Y2020M2
43879,2020-02-18,Y2020M2
43880,2020-02-19,Y2020M2
43881,2020-02-20,Y2020M2
43882,2020-02-21,Y2020M2
43883,2020-02-22,Y2020M2
43884,2020-02-23,Y2020M2
43885,2020-02-24,Y2020M2
43886,2020-02-25,Y2020M2
43887,2020-02-26,Y2020M2
43888,2020-02-27,Y2020M2
43889,2020-02-28,Y2020M2
43890,2020-02-29,Y2020M2
43891,2020-03-01,Y2020M3
43892,2020-03-02,Y2020M3
43893,2020-03-03,Y2020M3
43894,2020-03-04,Y2020M3
43895,2020-03-05,Y2020M3
43896,2020-03-06,Y2020M3
43897,2020-03-07,Y2020M3
43898,2020-03-08,Y2020M3
43899,2020-03-09,Y2020M3
43900,2020-03-10,Y2020M3
43901,2020-03-11,Y2020M3
43902,2020-03-12,Y2020M3
43903,2020-03-13,Y2020M3
43904,2020-03-14,Y2020M3
43905,2020-03-15,Y2020M3
43906,2020-03-16,Y2020M3
43907,2020-03-17,Y2020M3
43908,2020-03-18,Y2020M3
43909,2020-03-19,Y2020M3
43910,2020-03-20,Y2020M3
43911,2020-03-21,Y2020M3
43912,2020-03-22,Y2020M3
43913,2020-03-23,Y2020M3
43914,2020-03-24,Y2020M3
43915,2020-03-25,Y2020M3
43916,2020-03-26,Y2020M3
43917,2020-03-27,Y2020M3
43918,2020-03-28,Y2020M3
43919,2020-03-29,Y2020M3
43920,2020-03-30,Y2020M3
43921,2020-03-31,Y2020M3
43922,2020-04-01,Y2020M4
43923,2020-04-02,Y2020M4
43924,2020-04-03,Y2020M4
43925,2020-04-04,Y2020M4
43926,2020-04-05,Y2020M4
43927,2020-04-06,Y2020M4
43928,2020-04-07,Y2020M4
43929,2020-04-08,Y2020M4
43930,2020-04-09,Y2020M4
43931,2020-04-10,Y2020M4
43932,2020-04-11,Y2020M4
43933,2020-04-12,Y2020M4
43934,2020-04-13,Y2020M4
43935,2020-04-14,Y2020M4
43936,2020-04-15,Y2020M4
43937,2020-04-16,Y2020M4
43938,2020-04-17,Y2020M4
43939,2020-04-18,Y2020M4
43940,2020-04-19,Y2020M4
43941,2020-04-20,Y2020M4
43942,2020-04-21,Y2020M4
43943,2020-04-22,Y2020M4
43944,2020-04-23,Y2020M4
43945,2020-04-24,Y2020M4
43946,2020-04-25,Y2020M4
43947,2020-04-26,Y2020M4
43948,2020-04-27,Y2020M4
43949,2020-04-28,Y2020M4
43950,2020-04-29,Y2020M4
43951,2020-04-30,Y2020M4
43952,2020-05-01,Y2020M5
43953,2020-05-02,Y2020M5
43954,2020-05-03,Y2020M5
43955,2020-05-04,Y2020M5
43956,2020-05-05,Y2020M5
43957,2020-05-06,Y2020M5
43958,2020-05-07,Y2020M5
43959,2020-05-08,Y2020M5
43960,2020-05-09,Y2020M5
43961,2020-05-10,Y2020M5
43962,2020-05-11,Y2020M5
43963,2020-05-12,Y2020M5
43964,2020-05-13,Y2020M5
43965,2020-05-14,Y2020M5
43966,2020-05-15,Y2020M5
43967,2020-05-16,Y2020M5
43968,2020-05-17,Y2020M5
43969,2020-05-18,Y2020M5
43970,2020-05-19,Y2020M5
43971,2020-05-20,Y2020M5
43972,2020-05-21,Y2020M5
43973,2020-05-22,Y2020M5
43974,2020-05-23,Y2020M5
43975,2020-05-24,Y2020M5
43976,2020-05-25,Y2020M5
43977,2020-05-26,Y2020M5
43978,2020-05-27,Y2020M5
43979,2020-05-28,Y2020M5
43980,2020-05-29,Y2020M5
43981,2020-05-30,Y2020M5
43982,2020-05-31,Y2020M5
43983,2020-06-01,Y2020M6
43984,2020-06-02,Y2020M6
43985,2020-06-03,Y2020M6
43986,2020-06-04,Y2020M6
43987,2020-06-05,Y2020M6
43988,2020-06-06,Y2020M6
43989,2020-06-07,Y2020M6
43990,2020-06-08,Y2020M6
43991,2020-06-09,Y2020M6
43992,2020-06-10,Y2020M6
43993,2020-06-11,Y2020M6
43994,2020-06-12,Y2020M6
43995,2020-06-13,Y2020M6
43996,2020-06-14,Y2020M6
43997,2020-06-15,Y2020M6
43998,2020-06-16,Y2020M6
43999,2020-06-17,Y2020M6
44000,2020-06-18,Y2020M6
44001,2020-06-19,Y2020M6
44002,2020-06-20,Y2020M6
44003,2020-06-21,Y2020M6
44004,2020-06-22,Y2020M6
44005,2020-06-23,Y2020M6
44006,2020-06-24,Y2020M6
44007,2020-06-25,Y2020M6
44008,2020-06-26,Y2020M6
44009,2020-06-27,Y2020M6
44010,2020-06-28,Y2020M6
44011,2020-06-29,Y2020M6
44012,2020-06-30,Y2020M6
44013,2020-07-01,Y2020M7
44014,2020-07-02,Y2020M7
44015,2020-07-03,Y2020M7
44016,2020-07-04,Y2020M7
44017,2020-07-05,Y2020M7
44018,2020-07-06,Y2020M7
44019,2020-07-07,Y2020M7
44020,2020-07-08,Y2020M7
44021,2020-07-09,Y2020M7
44022,2020-07-10,Y2020M7
44023,2020-07-11,Y2020M7
44024,2020-07-12,Y2020M7
44025,2020-07-13,Y2020M7
44026,2020-07-14,Y2020M7
44027,2020-07-15,Y2020M7
44028,2020-07-16,Y2020M7
44029,2020-07-17,Y2020M7
44030,2020-07-18,Y2020M7
44031,2020-07-19,Y2020M7
44032,2020-07-20,Y2020M7
44033,2020-07-21,Y2020M7
44034,2020-07-22,Y2020M7
44035,2020-07-23,Y2020M7
44036,2020-07-24,Y2020M7
44037,2020-07-25,Y2020M7
44038,2020-07-26,Y2020M7
44039,2020-07-27,Y2020M7
44040,2020-07-28,Y2020M7
44041,2020-07-29,Y2020M7
44042,2020-07-30,Y2020M7
44043,2020-07-31,Y2020M7
44044,2020-08-01,Y2020M8
44045,2020-08-02,Y2020M8
44046,2020-08-03,Y2020M8
44047,2020-08-04,Y2020M8
44048,2020-08-05,Y2020M8
44049,2020-08-06,Y2020M8
44050,2020-08-07,Y2020M8
44051,2020-08-08,Y2020M8
44052,2020-08-09,Y2020M8
44053,2020-08-10,Y2020M8
44054,2020-08-11,Y2020M8
44055,2020-08-12,Y2020M8
44056,2020-08-13,Y2020M8
44057,2020-08-14,Y2020M8
44058,2020-08-15,Y2020M8
44059,2020-08-16,Y2020M8
44060,2020-08-17,Y2020M8
44061,2020-08-18,Y2020M8
44062,2020-08-19,Y2020M8
44063,2020-08-20,Y2020M8
44064,2020-08-21,Y2020M8
44065,2020-08-22,Y2020M8
44066,2020-08-23,Y2020M8
44067,2020-08-24,Y2020M8
44068,2020-08-25,Y2020M8
44069,2020-08-26,Y2020M8
44070,2020-08-27,Y2020M8
44071,2020-08-28,Y2020M8
44072,2020-08-29,Y2020M8
44073,2020-08-30,Y2020M8
44074,2020-08-31,Y2020M8
44075,2020-09-01,Y2020M9
44076,2020-09-02,Y2020M9
44077,2020-09-03,Y2020M9
44078,2020-09-04,Y2020M9
44079,2020-09-05,Y2020M9
44080,2020-09-06,Y2020M9
44081,2020-09-07,Y2020M9
44082,2020-09-08,Y2020M9
44083,2020-09-09,Y2020M9
44084,2020-09-10,Y2020M9
44085,2020-09-11,Y2020M9
44086,2020-09-12,Y2020M9
44087,2020-09-13,Y2020M9
44088,2020-09-14,Y2020M9
44089,2020-09-15,Y2020M9
44090,2020-09-16,Y2020M9
44091,2020-09-17,Y2020M9
44092,2020-09-18,Y2020M9
44093,2020-09-19,Y2020M9
44094,2020-09-20,Y2020M9
44095,2020-09-21,Y2020M9
44096,2020-09-22,Y2020M9
44097,2020-09-23,Y2020M9
44098,2020-09-24,Y2020M9
44099,2020-09-25,Y2020M9
44100,2020-09-26,Y2020M9
44101,2020-09-27,Y2020M9
44102,2020-09-28,Y2020M9
44103,2020-09-29,Y2020M9
44104,2020-09-30,Y2020M9
44105,2020-10-01,Y2020M10
44106,2020-10-02,Y2020M10
44107,2020-10-03,Y2020M10
44108,2020-10-04,Y2020M10
44109,2020-10-05,Y2020M10
44110,2020-10-06,Y2020M10
44111,2020-10-07,Y2020M10
44112,2020-10-08,Y2020M10
44113,2020-10-09,Y2020M10
44114,2020-10-10,Y2020M10
44115,2020-10-11,Y2020M10
44116,2020-10-12,Y2020M10
44117,2020-10-13,Y2020M10
44118,2020-10-14,Y2020M10
44119,2020-10-15,Y2020M10
44120,2020-10-16,Y2020M10
44121,2020-10-17,Y2020M10
44122,2020-10-18,Y2020M10
44123,2020-10-19,Y2020M10
44124,2020-10-20,Y2020M10
44125,2020-10-21,Y2020M10
44126,2020-10-22,Y2020M10
44127,2020-10-23,Y2020M10
44128,2020-10-24,Y2020M10
44129,2020-10-25,Y2020M10
44130,2020-10-26,Y2020M10
44131,2020-10-27,Y2020M10
44132,2020-10-28,Y2020M10
44133,2020-10-29,Y2020M10
44134,2020-10-30,Y2020M10
44135,2020-10-31,Y2020M10
44136,2020-11-01,Y2020M11
44137,2020-11-02,Y2020M11
44138,2020-11-03,Y2020M11
44139,2020-11-04,Y2020M11
44140,2020-11-05,Y2020M11
44141,2020-11-06,Y2020M11
44142,2020-11-07,Y2020M11
44143,2020-11-08,Y2020M11
44144,2020-11-09,Y2020M11
44145,2020-11-10,Y2020M11
44146,2020-11-11,Y2020M11
44147,2020-11-12,Y2020M11
44148,2020-11-13,Y2020M11
44149,2020-11-14,Y2020M11
44150,2020-11-15,Y2020M11
44151,2020-11-16,Y2020M11
44152,2020-11-17,Y2020M11
44153,2020-11-18,Y2020M11
44154,2020-11-19,Y2020M11
44155,2020-11-20,Y2020M11
44156,2020-11-21,Y2020M11
44157,2020-11-22,Y2020M11
44158,2020-11-23,Y2020M11
44159,2020-11-24,Y2020M11
44160,2020-11-25,Y2020M11
44161,2020-11-26,Y2020M11
44162,2020-11-27,Y2020M11
44163,2020-11-28,Y2020M11
44164,2020-11-29,Y2020M11
44165,2020-11-30,Y2020M11
44166,2020-12-01,Y2020M12
44167,2020-12-02,Y2020M12
44168,2020-12-03,Y2020M12
44169,2020-12-04,Y2020M12
44170,2020-12-05,Y2020M12
44171,2020-12-06,Y2020M12
44172,2020-12-07,Y2020M12
44173,2020-12-08,Y2020M12
44174,2020-12-09,Y2020M12
44175,2020-12-10,Y2020M12
44176,2020-12-11,Y2020M12
44177,2020-12-12,Y2020M12
44178,2020-12-13,Y2020M12
44179,2020-12-14,Y2020M12
44180,2020-12-15,Y2020M12
44181,2020-12-16,Y2020M12
44182,2020-12-17,Y2020M12
44183,2020-12-18,Y2020M12
44184,2020-12-19,Y2020M12
44185,2020-12-20,Y2020M12
44186,2020-12-21,Y2020M12
44187,2020-12-22,Y2020M12
44188,2020-12-23,Y2020M12
44189,2020-12-24,Y2020M12
44190,2020-12-25,Y2020M12
44191,2020-12-26,Y2020M12
44192,2020-12-27,Y2020M12
44193,2020-12-28,Y2020M12
44194,2020-12-29,Y2020M12
44195,2020-12-30,Y2020M12
44196,2020-12-31,Y2020M12
44197,2021-01-01,Y2021M1
44198,2021-01-02,Y2021M1
44199,2021-01-03,Y2021M1
44200,2021-01-04,Y2021M1
44201,2021-01-05,Y2021M1
44202,2021-01-06,Y2021M1
44203,2021-01-07,Y2021M1
44204,2021-01-08,Y2021M1
44205,2021-01-09,Y2021M1
44206,2021-01-10,Y2021M1
44207,2021-01-11,Y2021M1
44208,2021-01-12,Y2021M1
44209,2021-01-13,Y2021M1
44210,2021-01-14,Y2021M1
44211,2021-01-15,Y2021M1
44212,2021-01-16,Y2021M1
44213,2021-01-17,Y2021M1
44214,2021-01-18,Y2021M1
44215,2021-01-19,Y2021M1
44216,2021-01-20,Y2021M1
44217,2021-01-21,Y2021M1
44218,2021-01-22,Y2021M1
44219,2021-01-23,Y2021M1
44220,2021-01-24,Y2021M1
44221,2021-01-25,Y2021M1
44222,2021-01-26,Y2021M1
44223,2021-01-27,Y2021M1
44224,2021-01-28,Y2021M1
44225,2021-01-29,Y2021M1
44226,2021-01-30,Y2021M1
44227,2021-01-31,Y2021M1
44228,2021-02-01,Y2021M2
44229,2021-02-02,Y2021M2
44230,2021-02-03,Y2021M2
44231,2021-02-04,Y2021M2
44232,2021-02-05,Y2021M2
44233,2021-02-06,Y2021M2
44234,2021-02-07,Y2021M2
44235,2021-02-08,Y2021M2
44236,2021-02-09,Y2021M2
44237,2021-02-10,Y2021M2
44238,2021-02-11,Y2021M2
44239,2021-02-12,Y2021M2
44240,2021-02-13,Y2021M2
44241,2021-02-14,Y2021M2
44242,2021-02-15,Y2021M2
44243,2021-02-16,Y2021M2
44244,2021-02-17,Y2021M2
44245,2021-02-18,Y2021M2
44246,2021-02-19,Y2021M2
44247,2021-02-20,Y2021M2
44248,2021-02-21,Y2021M2
44249,2021-02-22,Y2021M2
44250,2021-02-23,Y2021M2
44251,2021-02-24,Y2021M2
44252,2021-02-25,Y2021M2
44253,2021-02-26,Y2021M2
44254,2021-02-27,Y2021M2
44255,2021-02-28,Y2021M2
44256,2021-03-01,Y2021M3
44257,2021-03-02,Y2021M3
44258,2021-03-03,Y2021M3
44259,2021-03-04,Y2021M3
44260,2021-03-05,Y2021M3
44261,2021-03-06,Y2021M3
44262,2021-03-07,Y2021M3
44263,2021-03-08,Y2021M3
44264,2021-03-09,Y2021M3
44265,2021-03-10,Y2021M3
44266,2021-03-11,Y2021M3
44267,2021-03-12,Y2021M3
44268,2021-03-13,Y2021M3
44269,2021-03-14,Y2021M3
44270,2021-03-15,Y2021M3
44271,2021-03-16,Y2021M3
44272,2021-03-17,Y2021M3
44273,2021-03-18,Y2021M3
44274,2021-03-19,Y2021M3
44275,2021-03-20,Y2021M3
44276,2021-03-21,Y2021M3
44277,2021-03-22,Y2021M3
44278,2021-03-23,Y2021M3
44279,2021-03-24,Y2021M3
44280,2021-03-25,Y2021M3
44281,2021-03-26,Y2021M3
44282,2021-03-27,Y2021M3
44283,2021-03-28,Y2021M3
44284,2021-03-29,Y2021M3
44285,2021-03-30,Y2021M3
44286,2021-03-31,Y2021M3
44287,2021-04-01,Y2021M4
44288,2021-04-02,Y2021M4
44289,2021-04-03,Y2021M4
44290,2021-04-04,Y2021M4
44291,2021-04-05,Y2021M4
44292,2021-04-06,Y2021M4
44293,2021-04-07,Y2021M4
44294,2021-04-08,Y2021M4
44295,2021-04-09,Y2021M4
44296,2021-04-10,Y2021M4
44297,2021-04-11,Y2021M4
44298,2021-04-12,Y2021M4
44299,2021-04-13,Y2021M4
44300,2021-04-14,Y2021M4
44301,2021-04-15,Y2021M4
44302,2021-04-16,Y2021M4
44303,2021-04-17,Y2021M4
44304,2021-04-18,Y2021M4
44305,2021-04-19,Y2021M4
44306,2021-04-20,Y2021M4
44307,2021-04-21,Y2021M4
44308,2021-04-22,Y2021M4
44309,2021-04-23,Y2021M4
44310,2021-04-24,Y2021M4
44311,2021-04-25,Y2021M4
44312,2021-04-26,Y2021M4
44313,2021-04-27,Y2021M4
44314,2021-04-28,Y2021M4
44315,2021-04-29,Y2021M4
44316,2021-04-30,Y2021M4
44317,2021-05-01,Y2021M5
44318,2021-05-02,Y2021M5
44319,2021-05-03,Y2021M5
44320,2021-05-04,Y2021M5
44321,2021-05-05,Y2021M5
44322,2021-05-06,Y2021M5
44323,2021-05-07,Y2021M5
44324,2021-05-08,Y2021M5
44325,2021-05-09,Y2021M5
44326,2021-05-10,Y2021M5
44327,2021-05-11,Y2021M5
44328,2021-05-12,Y2021M5
44329,2021-05-13,Y2021M5
44330,2021-05-14,Y2021M5
44331,2021-05-15,Y2021M5
44332,2021-05-16,Y2021M5
44333,2021-05-17,Y2021M5
44334,2021-05-18,Y2021M5
44335,2021-05-19,Y2021M5
44336,2021-05-20,Y2021M5
44337,2021-05-21,Y2021M5
44338,2021-05-22,Y2021M5
44339,2021-05-23,Y2021M5
44340,2021-05-24,Y2021M5
44341,2021-05-25,Y2021M5
44342,2021-05-26,Y2021M5
44343,2021-05-27,Y2021M5
44344,2021-05-28,Y2021M5
44345,2021-05-29,Y2021M5
44346,2021-05-30,Y2021M5
44347,2021-05-31,Y2021M5
44348,2021-06-01,Y2021M6
44349,2021-06-02,Y2021M6
44350,2021-06-03,Y2021M6
44351,2021-06-04,Y2021M6
44352,2021-06-05,Y2021M6
44353,2021-06-06,Y2021M6
44354,2021-06-07,Y2021M6
44355,2021-06-08,Y2021M6
44356,2021-06-09,Y2021M6
44357,2021-06-10,Y2021M6
44358,2021-06-11,Y2021M6
44359,2021-06-12,Y2021M6
44360,2021-06-13,Y2021M6
44361,2021-06-14,Y2021M6
44362,2021-06-15,Y2021M6
44363,2021-06-16,Y2021M6
44364,2021-06-17,Y2021M6
44365,2021-06-18,Y2021M6
44366,2021-06-19,Y2021M6
44367,2021-06-20,Y2021M6
44368,2021-06-21,Y2021M6
44369,2021-06-22,Y2021M6
44370,2021-06-23,Y2021M6
44371,2021-06-24,Y2021M6
44372,2021-06-25,Y2021M6
44373,2021-06-26,Y2021M6
44374,2021-06-27,Y2021M6
44375,2021-06-28,Y2021M6
44376,2021-06-29,Y2021M6
44377,2021-06-30,Y2021M6
44378,2021-07-01,Y2021M7
44379,2021-07-02,Y2021M7
44380,2021-07-03,Y2021M7
44381,2021-07-04,Y2021M7
44382,2021-07-05,Y2021M7
44383,2021-07-06,Y2021M7
44384,2021-07-07,Y2021M7
44385,2021-07-08,Y2021M7
44386,2021-07-09,Y2021M7
44387,2021-07-10,Y2021M7
44388,2021-07-11,Y2021M7
44389,2021-07-12,Y2021M7
44390,2021-07-13,Y2021M7
44391,2021-07-14,Y2021M7
44392,2021-07-15,Y2021M7
44393,2021-07-16,Y2021M7
44394,2021-07-17,Y2021M7
44395,2021-07-18,Y2021M7
44396,2021-07-19,Y2021M7
44397,2021-07-20,Y2021M7
44398,2021-07-21,Y2021M7
44399,2021-07-22,Y2021M7
44400,2021-07-23,Y2021M7
44401,2021-07-24,Y2021M7
44402,2021-07-25,Y2021M7
44403,2021-07-26,Y2021M7
44404,2021-07-27,Y2021M7
44405,2021-07-28,Y2021M7
44406,2021-07-29,Y2021M7
44407,2021-07-30,Y2021M7
44408,2021-07-31,Y2021M7
44410,2021-08-02,Y2021M8
44411,2021-08-03,Y2021M8
44412,2021-08-04,Y2021M8
44413,2021-08-05,Y2021M8
44414,2021-08-06,Y2021M8
44415,2021-08-07,Y2021M8
44417,2021-08-09,Y2021M8
44418,2021-08-10,Y2021M8
44419,2021-08-11,Y2021M8
44420,2021-08-12,Y2021M8
44421,2021-08-13,Y2021M8
44422,2021-08-14,Y2021M8
44423,2021-08-15,Y2021M8
44424,2021-08-16,Y2021M8
44425,2021-08-17,Y2021M8
44426,2021-08-18,Y2021M8
44427,2021-08-19,Y2021M8
44428,2021-08-20,Y2021M8
44429,2021-08-21,Y2021M8
44430,2021-08-22,Y2021M8
44431,2021-08-23,Y2021M8
44432,2021-08-24,Y2021M8
44433,2021-08-25,Y2021M8
44434,2021-08-26,Y2021M8
44435,2021-08-27,Y2021M8
44436,2021-08-28,Y2021M8
44437,2021-08-29,Y2021M8
44438,2021-08-30,Y2021M8
44439,2021-08-31,Y2021M8
44440,2021-09-01,Y2021M9
44441,2021-09-02,Y2021M9
44442,2021-09-03,Y2021M9
44443,2021-09-04,Y2021M9
44444,2021-09-05,Y2021M9
44445,2021-09-06,Y2021M9
44446,2021-09-07,Y2021M9
44447,2021-09-08,Y2021M9
44448,2021-09-09,Y2021M9
44449,2021-09-10,Y2021M9
44450,2021-09-11,Y2021M9
44451,2021-09-12,Y2021M9
44452,2021-09-13,Y2021M9
44453,2021-09-14,Y2021M9
44454,2021-09-15,Y2021M9
44455,2021-09-16,Y2021M9
44456,2021-09-17,Y2021M9
44457,2021-09-18,Y2021M9
44458,2021-09-19,Y2021M9
44459,2021-09-20,Y2021M9
44460,2021-09-21,Y2021M9
44461,2021-09-22,Y2021M9
44462,2021-09-23,Y2021M9
44463,2021-09-24,Y2021M9
44464,2021-09-25,Y2021M9
44465,2021-09-26,Y2021M9
44466,2021-09-27,Y2021M9
44467,2021-09-28,Y2021M9
44468,2021-09-29,Y2021M9
44469,2021-09-30,Y2021M9
44470,2021-10-01,Y2021M10
44471,2021-10-02,Y2021M10
44472,2021-10-03,Y2021M10
44473,2021-10-04,Y2021M10
44474,2021-10-05,Y2021M10
44475,2021-10-06,Y2021M10
44476,2021-10-07,Y2021M10
44477,2021-10-08,Y2021M10
44478,2021-10-09,Y2021M10
44479,2021-10-10,Y2021M10
44480,2021-10-11,Y2021M10
44481,2021-10-12,Y2021M10
44482,2021-10-13,Y2021M10
44483,2021-10-14,Y2021M10
44484,2021-10-15,Y2021M10
44485,2021-10-16,Y2021M10
44486,2021-10-17,Y2021M10
44487,2021-10-18,Y2021M10
44488,2021-10-19,Y2021M10
44489,2021-10-20,Y2021M10
44490,2021-10-21,Y2021M10
44491,2021-10-22,Y2021M10
44492,2021-10-23,Y2021M10
44493,2021-10-24,Y2021M10
44494,2021-10-25,Y2021M10
44495,2021-10-26,Y2021M10
44496,2021-10-27,Y2021M10
44497,2021-10-28,Y2021M10
44498,2021-10-29,Y2021M10
44499,2021-10-30,Y2021M10
44500,2021-10-31,Y2021M10
44501,2021-11-01,Y2021M11
44502,2021-11-02,Y2021M11
44503,2021-11-03,Y2021M11
44504,2021-11-04,Y2021M11
44505,2021-11-05,Y2021M11
44506,2021-11-06,Y2021M11
44507,2021-11-07,Y2021M11
44508,2021-11-08,Y2021M11
44509,2021-11-09,Y2021M11
44510,2021-11-10,Y2021M11
44511,2021-11-11,Y2021M11
44512,2021-11-12,Y2021M11
44513,2021-11-13,Y2021M11
44514,2021-11-14,Y2021M11
44515,2021-11-15,Y2021M11
44516,2021-11-16,Y2021M11
44517,2021-11-17,Y2021M11
44518,2021-11-18,Y2021M11
44519,2021-11-19,Y2021M11
44520,2021-11-20,Y2021M11
44521,2021-11-21,Y2021M11
44522,2021-11-22,Y2021M11
44523,2021-11-23,Y2021M11
44524,2021-11-24,Y2021M11
44525,2021-11-25,Y2021M11
44526,2021-11-26,Y2021M11
44527,2021-11-27,Y2021M11
44528,2021-11-28,Y2021M11
44529,2021-11-29,Y2021M11
44530,2021-11-30,Y2021M11
44531,2021-12-01,Y2021M12
44532,2021-12-02,Y2021M12
44533,2021-12-03,Y2021M12
44534,2021-12-04,Y2021M12
44535,2021-12-05,Y2021M12
44536,2021-12-06,Y2021M12
44537,2021-12-07,Y2021M12
44538,2021-12-08,Y2021M12
44539,2021-12-09,Y2021M12
44540,2021-12-10,Y2021M12
44541,2021-12-11,Y2021M12
44542,2021-12-12,Y2021M12
44543,2021-12-13,Y2021M12
44544,2021-12-14,Y2021M12
44545,2021-12-15,Y2021M12
44546,2021-12-16,Y2021M12
44547,2021-12-17,Y2021M12
44548,2021-12-18,Y2021M12
44549,2021-12-19,Y2021M12
44550,2021-12-20,Y2021M12
44551,2021-12-21,Y2021M12
44552,2021-12-22,Y2021M12
44553,2021-12-23,Y2021M12
44554,2021-12-24,Y2021M12
44555,2021-12-25,Y2021M12
44556,2021-12-26,Y2021M12
44557,2021-12-27,Y2021M12
44558,2021-12-28,Y2021M12
44559,2021-12-29,Y2021M12
44560,2021-12-30,Y2021M12
44561,2021-12-31,Y2021M12
44562,2022-01-01,Y2022M1
44563,2022-01-02,Y2022M1
44564,2022-01-03,Y2022M1
44565,2022-01-04,Y2022M1
44566,2022-01-05,Y2022M1
44567,2022-01-06,Y2022M1
44568,2022-01-07,Y2022M1
44569,2022-01-08,Y2022M1
44570,2022-01-09,Y2022M1
44571,2022-01-10,Y2022M1
44572,2022-01-11,Y2022M1
44573,2022-01-12,Y2022M1
44574,2022-01-13,Y2022M1
44575,2022-01-14,Y2022M1
44576,2022-01-15,Y2022M1
44577,2022-01-16,Y2022M1
44578,2022-01-17,Y2022M1
44579,2022-01-18,Y2022M1
44580,2022-01-19,Y2022M1
44581,2022-01-20,Y2022M1
44582,2022-01-21,Y2022M1
44583,2022-01-22,Y2022M1
44584,2022-01-23,Y2022M1
44585,2022-01-24,Y2022M1
44586,2022-01-25,Y2022M1
44587,2022-01-26,Y2022M1
44588,2022-01-27,Y2022M1
44589,2022-01-28,Y2022M1
44590,2022-01-29,Y2022M1
44591,2022-01-30,Y2022M1
44592,2022-01-31,Y2022M1
44593,2022-02-01,Y2022M2
44594,2022-02-02,Y2022M2
44595,2022-02-03,Y2022M2
44596,2022-02-04,Y2022M2
44597,2022-02-05,Y2022M2
44598,2022-02-06,Y2022M2
44599,2022-02-07,Y2022M2
44600,2022-02-08,Y2022M2
44601,2022-02-09,Y2022M2
44602,2022-02-10,Y2022M2
44603,2022-02-11,Y2022M2
44604,2022-02-12,Y2022M2
44605,2022-02-13,Y2022M2
44606,2022-02-14,Y2022M2
44607,2022-02-15,Y2022M2
44608,2022-02-16,Y2022M2
44609,2022-02-17,Y2022M2
44610,2022-02-18,Y2022M2
44611,2022-02-19,Y2022M2
44612,2022-02-20,Y2022M2
44613,2022-02-21,Y2022M2
44614,2022-02-22,Y2022M2
44615,2022-02-23,Y2022M2
44616,2022-02-24,Y2022M2
44617,2022-02-25,Y2022M2
44618,2022-02-26,Y2022M2
44619,2022-02-27,Y2022M2
44620,2022-02-28,Y2022M2
44621,2022-03-01,Y2022M3
44622,2022-03-02,Y2022M3
44623,2022-03-03,Y2022M3
44624,2022-03-04,Y2022M3
44625,2022-03-05,Y2022M3
44626,2022-03-06,Y2022M3
44627,2022-03-07,Y2022M3
44628,2022-03-08,Y2022M3
44629,2022-03-09,Y2022M3
44630,2022-03-10,Y2022M3
44631,2022-03-11,Y2022M3
44632,2022-03-12,Y2022M3
44633,2022-03-13,Y2022M3
44634,2022-03-14,Y2022M3
44635,2022-03-15,Y2022M3
44636,2022-03-16,Y2022M3
44637,2022-03-17,Y2022M3
44638,2022-03-18,Y2022M3
44639,2022-03-19,Y2022M3
44640,2022-03-20,Y2022M3
44641,2022-03-21,Y2022M3
44642,2022-03-22,Y2022M3
44643,2022-03-23,Y2022M3
44644,2022-03-24,Y2022M3
44645,2022-03-25,Y2022M3
44646,2022-03-26,Y2022M3
44647,2022-03-27,Y2022M3
44648,2022-03-28,Y2022M3
44649,2022-03-29,Y2022M3
44650,2022-03-30,Y2022M3
44651,2022-03-31,Y2022M3
44652,2022-04-01,Y2022M4
44653,2022-04-02,Y2022M4
44654,2022-04-03,Y2022M4
44655,2022-04-04,Y2022M4
44656,2022-04-05,Y2022M4
44657,2022-04-06,Y2022M4
44658,2022-04-07,Y2022M4
44659,2022-04-08,Y2022M4
44660,2022-04-09,Y2022M4
44661,2022-04-10,Y2022M4
44662,2022-04-11,Y2022M4
44663,2022-04-12,Y2022M4
44664,2022-04-13,Y2022M4
44665,2022-04-14,Y2022M4
44666,2022-04-15,Y2022M4
44667,2022-04-16,Y2022M4
44668,2022-04-17,Y2022M4
44669,2022-04-18,Y2022M4
44670,2022-04-19,Y2022M4
44671,2022-04-20,Y2022M4
44672,2022-04-21,Y2022M4
44673,2022-04-22,Y2022M4
44674,2022-04-23,Y2022M4
44675,2022-04-24,Y2022M4
44676,2022-04-25,Y2022M4
44677,2022-04-26,Y2022M4
44678,2022-04-27,Y2022M4
44679,2022-04-28,Y2022M4
44680,2022-04-29,Y2022M4
44681,2022-04-30,Y2022M4
44682,2022-05-01,Y2022M5
44683,2022-05-02,Y2022M5
44684,2022-05-03,Y2022M5
44685,2022-05-04,Y2022M5
44686,2022-05-05,Y2022M5
44687,2022-05-06,Y2022M5
44688,2022-05-07,Y2022M5
44689,2022-05-08,Y2022M5
44690,2022-05-09,Y2022M5
44691,2022-05-10,Y2022M5
44692,2022-05-11,Y2022M5
44693,2022-05-12,Y2022M5
44694,2022-05-13,Y2022M5
44695,2022-05-14,Y2022M5
44696,2022-05-15,Y2022M5
44697,2022-05-16,Y2022M5
44698,2022-05-17,Y2022M5
44699,2022-05-18,Y2022M5
44700,2022-05-19,Y2022M5
44701,2022-05-20,Y2022M5
44702,2022-05-21,Y2022M5
44703,2022-05-22,Y2022M5
44704,2022-05-23,Y2022M5
44705,2022-05-24,Y2022M5
44706,2022-05-25,Y2022M5
44707,2022-05-26,Y2022M5
44708,2022-05-27,Y2022M5
44709,2022-05-28,Y2022M5
44710,2022-05-29,Y2022M5
44711,2022-05-30,Y2022M5
44712,2022-05-31,Y2022M5
44713,2022-06-01,Y2022M6
44714,2022-06-02,Y2022M6
44715,2022-06-03,Y2022M6
44716,2022-06-04,Y2022M6
44717,2022-06-05,Y2022M6
44718,2022-06-06,Y2022M6
44719,2022-06-07,Y2022M6
44720,2022-06-08,Y2022M6
44721,2022-06-09,Y2022M6
44722,2022-06-10,Y2022M6
44723,2022-06-11,Y2022M6
44724,2022-06-12,Y2022M6
44725,2022-06-13,Y2022M6
44726,2022-06-14,Y2022M6
44727,2022-06-15,Y2022M6
44728,2022-06-16,Y2022M6
44729,2022-06-17,Y2022M6
44730,2022-06-18,Y2022M6
44731,2022-06-19,Y2022M6
44732,2022-06-20,Y2022M6
44733,2022-06-21,Y2022M6
44734,2022-06-22,Y2022M6
44735,2022-06-23,Y2022M6
44736,2022-06-24,Y2022M6
44737,2022-06-25,Y2022M6
44738,2022-06-26,Y2022M6
44739,2022-06-27,Y2022M6
44740,2022-06-28,Y2022M6
44741,2022-06-29,Y2022M6
44742,2022-06-30,Y2022M6
44743,2022-07-01,Y2022M7
44744,2022-07-02,Y2022M7
44745,2022-07-03,Y2022M7
44746,2022-07-04,Y2022M7
44747,2022-07-05,Y2022M7
44748,2022-07-06,Y2022M7
44749,2022-07-07,Y2022M7
44750,2022-07-08,Y2022M7
44751,2022-07-09,Y2022M7
44752,2022-07-10,Y2022M7
44753,2022-07-11,Y2022M7
44754,2022-07-12,Y2022M7
44755,2022-07-13,Y2022M7
44756,2022-07-14,Y2022M7
44757,2022-07-15,Y2022M7
44758,2022-07-16,Y2022M7
44759,2022-07-17,Y2022M7
44760,2022-07-18,Y2022M7
44761,2022-07-19,Y2022M7
44762,2022-07-20,Y2022M7
44763,2022-07-21,Y2022M7
44764,2022-07-22,Y2022M7
44765,2022-07-23,Y2022M7
44766,2022-07-24,Y2022M7
44767,2022-07-25,Y2022M7
44768,2022-07-26,Y2022M7
44769,2022-07-27,Y2022M7
44770,2022-07-28,Y2022M7
44771,2022-07-29,Y2022M7
44772,2022-07-30,Y2022M7
44773,2022-07-31,Y2022M7
44774,2022-08-01,Y2022M8
44775,2022-08-02,Y2022M8
44776,2022-08-03,Y2022M8
44777,2022-08-04,Y2022M8
44778,2022-08-05,Y2022M8
44779,2022-08-06,Y2022M8
44780,2022-08-07,Y2022M8
44781,2022-08-08,Y2022M8
44782,2022-08-09,Y2022M8
44783,2022-08-10,Y2022M8
44784,2022-08-11,Y2022M8
44785,2022-08-12,Y2022M8
44786,2022-08-13,Y2022M8
44787,2022-08-14,Y2022M8
44788,2022-08-15,Y2022M8
44789,2022-08-16,Y2022M8
44790,2022-08-17,Y2022M8
44791,2022-08-18,Y2022M8
44792,2022-08-19,Y2022M8
44793,2022-08-20,Y2022M8
44794,2022-08-21,Y2022M8
44795,2022-08-22,Y2022M8
44796,2022-08-23,Y2022M8
44797,2022-08-24,Y2022M8
44798,2022-08-25,Y2022M8
44799,2022-08-26,Y2022M8
44800,2022-08-27,Y2022M8
44801,2022-08-28,Y2022M8
44802,2022-08-29,Y2022M8
44803,2022-08-30,Y2022M8
44804,2022-08-31,Y2022M8
44805,2022-09-01,Y2022M9
44806,2022-09-02,Y2022M9
44807,2022-09-03,Y2022M9
44808,2022-09-04,Y2022M9
44809,2022-09-05,Y2022M9
44810,2022-09-06,Y2022M9
44811,2022-09-07,Y2022M9
44812,2022-09-08,Y2022M9
44813,2022-09-09,Y2022M9
44814,2022-09-10,Y2022M9
44815,2022-09-11,Y2022M9
44816,2022-09-12,Y2022M9
44817,2022-09-13,Y2022M9
44818,2022-09-14,Y2022M9
44819,2022-09-15,Y2022M9
44820,2022-09-16,Y2022M9
44821,2022-09-17,Y2022M9
44822,2022-09-18,Y2022M9
44823,2022-09-19,Y2022M9
44824,2022-09-20,Y2022M9
44825,2022-09-21,Y2022M9
44826,2022-09-22,Y2022M9
44827,2022-09-23,Y2022M9
44828,2022-09-24,Y2022M9
44829,2022-09-25,Y2022M9
44830,2022-09-26,Y2022M9
44831,2022-09-27,Y2022M9
44832,2022-09-28,Y2022M9
44833,2022-09-29,Y2022M9
44834,2022-09-30,Y2022M9
44835,2022-10-01,Y2022M10
44836,2022-10-02,Y2022M10
44837,2022-10-03,Y2022M10
44838,2022-10-04,Y2022M10
44839,2022-10-05,Y2022M10
44840,2022-10-06,Y2022M10
44841,2022-10-07,Y2022M10
44842,2022-10-08,Y2022M10
44843,2022-10-09,Y2022M10
44844,2022-10-10,Y2022M10
44845,2022-10-11,Y2022M10
44846,2022-10-12,Y2022M10
44847,2022-10-13,Y2022M10
44848,2022-10-14,Y2022M10
44849,2022-10-15,Y2022M10
44850,2022-10-16,Y2022M10
44851,2022-10-17,Y2022M10
44852,2022-10-18,Y2022M10
44853,2022-10-19,Y2022M10
44854,2022-10-20,Y2022M10
44855,2022-10-21,Y2022M10
44856,2022-10-22,Y2022M10
44857,2022-10-23,Y2022M10
44858,2022-10-24,Y2022M10
44859,2022-10-25,Y2022M10
44860,2022-10-26,Y2022M10
44861,2022-10-27,Y2022M10
44862,2022-10-28,Y2022M10
44863,2022-10-29,Y2022M10
44864,2022-10-30,Y2022M10
44865,2022-10-31,Y2022M10
44866,2022-11-01,Y2022M11
44867,2022-11-02,Y2022M11
44868,2022-11-03,Y2022M11
44869,2022-11-04,Y2022M11
44870,2022-11-05,Y2022M11
44871,2022-11-06,Y2022M11
44872,2022-11-07,Y2022M11
44873,2022-11-08,Y2022M11
44874,2022-11-09,Y2022M11
44875,2022-11-10,Y2022M11
44876,2022-11-11,Y2022M11
44877,2022-11-12,Y2022M11
44878,2022-11-13,Y2022M11
44879,2022-11-14,Y2022M11
44880,2022-11-15,Y2022M11
44881,2022-11-16,Y2022M11
44882,2022-11-17,Y2022M11
44883,2022-11-18,Y2022M11
44884,2022-11-19,Y2022M11
44885,2022-11-20,Y2022M11
44886,2022-11-21,Y2022M11
44887,2022-11-22,Y2022M11
44888,2022-11-23,Y2022M11
44889,2022-11-24,Y2022M11
44890,2022-11-25,Y2022M11
44891,2022-11-26,Y2022M11
44892,2022-11-27,Y2022M11
44893,2022-11-28,Y2022M11
44894,2022-11-29,Y2022M11
44895,2022-11-30,Y2022M11
44896,2022-12-01,Y2022M12
44897,2022-12-02,Y2022M12
44898,2022-12-03,Y2022M12
44899,2022-12-04,Y2022M12
44900,2022-12-05,Y2022M12
44901,2022-12-06,Y2022M12
44902,2022-12-07,Y2022M12
44903,2022-12-08,Y2022M12
44904,2022-12-09,Y2022M12
44905,2022-12-10,Y2022M12
44906,2022-12-11,Y2022M12
44907,2022-12-12,Y2022M12
44908,2022-12-13,Y2022M12
44909,2022-12-14,Y2022M12
44910,2022-12-15,Y2022M12
44911,2022-12-16,Y2022M12
44912,2022-12-17,Y2022M12
44913,2022-12-18,Y2022M12
44914,2022-12-19,Y2022M12
44915,2022-12-20,Y2022M12
44916,2022-12-21,Y2022M12
44917,2022-12-22,Y2022M12
44918,2022-12-23,Y2022M12
44919,2022-12-24,Y2022M12
44920,2022-12-25,Y2022M12
44921,2022-12-26,Y2022M12
44922,2022-12-27,Y2022M12
44923,2022-12-28,Y2022M12
44924,2022-12-29,Y2022M12
44925,2022-12-30,Y2022M12
44926,2022-12-31,Y2022M12
44927,2023-01-01,Y2023M1
44928,2023-01-02,Y2023M1
44929,2023-01-03,Y2023M1
44930,2023-01-04,Y2023M1
44931,2023-01-05,Y2023M1
44932,2023-01-06,Y2023M1
44933,2023-01-07,Y2023M1
44934,2023-01-08,Y2023M1
44935,2023-01-09,Y2023M1
44936,2023-01-10,Y2023M1
44937,2023-01-11,Y2023M1
44938,2023-01-12,Y2023M1
44939,2023-01-13,Y2023M1
44940,2023-01-14,Y2023M1
44941,2023-01-15,Y2023M1
44942,2023-01-16,Y2023M1
44943,2023-01-17,Y2023M1
44944,2023-01-18,Y2023M1
44945,2023-01-19,Y2023M1
44946,2023-01-20,Y2023M1
44947,2023-01-21,Y2023M1
44948,2023-01-22,Y2023M1
44949,2023-01-23,Y2023M1
44950,2023-01-24,Y2023M1
44951,2023-01-25,Y2023M1
44952,2023-01-26,Y2023M1
44953,2023-01-27,Y2023M1
44954,2023-01-28,Y2023M1
44955,2023-01-29,Y2023M1
44956,2023-01-30,Y2023M1
44957,2023-01-31,Y2023M1
44958,2023-02-01,Y2023M2
44959,2023-02-02,Y2023M2
44960,2023-02-03,Y2023M2
44961,2023-02-04,Y2023M2
44962,2023-02-05,Y2023M2
44963,2023-02-06,Y2023M2
44964,2023-02-07,Y2023M2
44965,2023-02-08,Y2023M2
44966,2023-02-09,Y2023M2
44967,2023-02-10,Y2023M2
44968,2023-02-11,Y2023M2
44969,2023-02-12,Y2023M2
44970,2023-02-13,Y2023M2
44971,2023-02-14,Y2023M2
44972,2023-02-15,Y2023M2
44973,2023-02-16,Y2023M2
44974,2023-02-17,Y2023M2
44975,2023-02-18,Y2023M2
44976,2023-02-19,Y2023M2
44977,2023-02-20,Y2023M2
44978,2023-02-21,Y2023M2
44979,2023-02-22,Y2023M2
44980,2023-02-23,Y2023M2
44981,2023-02-24,Y2023M2
44982,2023-02-25,Y2023M2
44983,2023-02-26,Y2023M2
44984,2023-02-27,Y2023M2
44985,2023-02-28,Y2023M2
44986,2023-03-01,Y2023M3
44987,2023-03-02,Y2023M3
44988,2023-03-03,Y2023M3
44989,2023-03-04,Y2023M3
44990,2023-03-05,Y2023M3
44991,2023-03-06,Y2023M3
44992,2023-03-07,Y2023M3
44993,2023-03-08,Y2023M3
44994,2023-03-09,Y2023M3
44995,2023-03-10,Y2023M3
44996,2023-03-11,Y2023M3
44997,2023-03-12,Y2023M3
44998,2023-03-13,Y2023M3
44999,2023-03-14,Y2023M3
45000,2023-03-15,Y2023M3
45001,2023-03-16,Y2023M3
45002,2023-03-17,Y2023M3
45003,2023-03-18,Y2023M3
45004,2023-03-19,Y2023M3
45005,2023-03-20,Y2023M3
45006,2023-03-21,Y2023M3
45007,2023-03-22,Y2023M3
45008,2023-03-23,Y2023M3
45009,2023-03-24,Y2023M3
45010,2023-03-25,Y2023M3
45011,2023-03-26,Y2023M3
45012,2023-03-27,Y2023M3
45013,2023-03-28,Y2023M3
45014,2023-03-29,Y2023M3
45015,2023-03-30,Y2023M3
45016,2023-03-31,Y2023M3
45017,2023-04-01,Y2023M4
45018,2023-04-02,Y2023M4
45019,2023-04-03,Y2023M4
45020,2023-04-04,Y2023M4
45021,2023-04-05,Y2023M4
45022,2023-04-06,Y2023M4
45023,2023-04-07,Y2023M4
45024,2023-04-08,Y2023M4
45025,2023-04-09,Y2023M4
45026,2023-04-10,Y2023M4
45027,2023-04-11,Y2023M4
45028,2023-04-12,Y2023M4
45029,2023-04-13,Y2023M4
45030,2023-04-14,Y2023M4
45031,2023-04-15,Y2023M4
45032,2023-04-16,Y2023M4
45033,2023-04-17,Y2023M4
45034,2023-04-18,Y2023M4
45035,2023-04-19,Y2023M4
45036,2023-04-20,Y2023M4
45037,2023-04-21,Y2023M4
45038,2023-04-22,Y2023M4
45039,2023-04-23,Y2023M4
45040,2023-04-24,Y2023M4
45041,2023-04-25,Y2023M4
45042,2023-04-26,Y2023M4
45043,2023-04-27,Y2023M4
45044,2023-04-28,Y2023M4
45045,2023-04-29,Y2023M4
45046,2023-04-30,Y2023M4
45047,2023-05-01,Y2023M5
45048,2023-05-02,Y2023M5
45049,2023-05-03,Y2023M5
45050,2023-05-04,Y2023M5
45051,2023-05-05,Y2023M5
45052,2023-05-06,Y2023M5
45053,2023-05-07,Y2023M5
45054,2023-05-08,Y2023M5
45055,2023-05-09,Y2023M5
45056,2023-05-10,Y2023M5
45057,2023-05-11,Y2023M5
45058,2023-05-12,Y2023M5
45059,2023-05-13,Y2023M5
45060,2023-05-14,Y2023M5
45061,2023-05-15,Y2023M5
45062,2023-05-16,Y2023M5
45063,2023-05-17,Y2023M5
45064,2023-05-18,Y2023M5
45065,2023-05-19,Y2023M5
45066,2023-05-20,Y2023M5
45067,2023-05-21,Y2023M5
45068,2023-05-22,Y2023M5
45069,2023-05-23,Y2023M5
45070,2023-05-24,Y2023M5
45071,2023-05-25,Y2023M5
45072,2023-05-26,Y2023M5
45073,2023-05-27,Y2023M5
45074,2023-05-28,Y2023M5
45075,2023-05-29,Y2023M5
45076,2023-05-30,Y2023M5
45077,2023-05-31,Y2023M5
45078,2023-06-01,Y2023M6
45079,2023-06-02,Y2023M6
45080,2023-06-03,Y2023M6
45081,2023-06-04,Y2023M6
45082,2023-06-05,Y2023M6
45083,2023-06-06,Y2023M6
45084,2023-06-07,Y2023M6
45085,2023-06-08,Y2023M6
45086,2023-06-09,Y2023M6
45087,2023-06-10,Y2023M6
45088,2023-06-11,Y2023M6
45089,2023-06-12,Y2023M6
45090,2023-06-13,Y2023M6
45091,2023-06-14,Y2023M6
45092,2023-06-15,Y2023M6
45093,2023-06-16,Y2023M6
45094,2023-06-17,Y2023M6
45095,2023-06-18,Y2023M6
45096,2023-06-19,Y2023M6
45097,2023-06-20,Y2023M6
45098,2023-06-21,Y2023M6
45099,2023-06-22,Y2023M6
45100,2023-06-23,Y2023M6
45101,2023-06-24,Y2023M6
45102,2023-06-25,Y2023M6
45103,2023-06-26,Y2023M6
45104,2023-06-27,Y2023M6
45105,2023-06-28,Y2023M6
45106,2023-06-29,Y2023M6
45107,2023-06-30,Y2023M6
45108,2023-07-01,Y2023M7
45109,2023-07-02,Y2023M7
45110,2023-07-03,Y2023M7
45111,2023-07-04,Y2023M7
45112,2023-07-05,Y2023M7
45113,2023-07-06,Y2023M7
45114,2023-07-07,Y2023M7
45115,2023-07-08,Y2023M7
45116,2023-07-09,Y2023M7
45117,2023-07-10,Y2023M7
45118,2023-07-11,Y2023M7
45119,2023-07-12,Y2023M7
45120,2023-07-13,Y2023M7
45121,2023-07-14,Y2023M7
45122,2023-07-15,Y2023M7
45123,2023-07-16,Y2023M7
45124,2023-07-17,Y2023M7
45125,2023-07-18,Y2023M7
45126,2023-07-19,Y2023M7
45127,2023-07-20,Y2023M7
45128,2023-07-21,Y2023M7
45129,2023-07-22,Y2023M7
45130,2023-07-23,Y2023M7
45131,2023-07-24,Y2023M7
45132,2023-07-25,Y2023M7
45133,2023-07-26,Y2023M7
45134,2023-07-27,Y2023M7
45135,2023-07-28,Y2023M7
45136,2023-07-29,Y2023M7
45137,2023-07-30,Y2023M7
45138,2023-07-31,Y2023M7
45139,2023-08-01,Y2023M8
45140,2023-08-02,Y2023M8
45141,2023-08-03,Y2023M8
45142,2023-08-04,Y2023M8
45143,2023-08-05,Y2023M8
45144,2023-08-06,Y2023M8
45145,2023-08-07,Y2023M8
45146,2023-08-08,Y2023M8
45147,2023-08-09,Y2023M8
45148,2023-08-10,Y2023M8
45149,2023-08-11,Y2023M8
45150,2023-08-12,Y2023M8
45151,2023-08-13,Y2023M8
45152,2023-08-14,Y2023M8
45153,2023-08-15,Y2023M8
45154,2023-08-16,Y2023M8
45155,2023-08-17,Y2023M8
45156,2023-08-18,Y2023M8
45157,2023-08-19,Y2023M8
45158,2023-08-20,Y2023M8
45159,2023-08-21,Y2023M8
45160,2023-08-22,Y2023M8
45161,2023-08-23,Y2023M8
45162,2023-08-24,Y2023M8
45163,2023-08-25,Y2023M8
45164,2023-08-26,Y2023M8
45165,2023-08-27,Y2023M8
45166,2023-08-28,Y2023M8
45167,2023-08-29,Y2023M8
45168,2023-08-30,Y2023M8
45169,2023-08-31,Y2023M8
45170,2023-09-01,Y2023M9
45171,2023-09-02,Y2023M9
45172,2023-09-03,Y2023M9
45173,2023-09-04,Y2023M9
45174,2023-09-05,Y2023M9
45175,2023-09-06,Y2023M9
45176,2023-09-07,Y2023M9
45177,2023-09-08,Y2023M9
45178,2023-09-09,Y2023M9
45179,2023-09-10,Y2023M9
45180,2023-09-11,Y2023M9
45181,2023-09-12,Y2023M9
45182,2023-09-13,Y2023M9
45183,2023-09-14,Y2023M9
45184,2023-09-15,Y2023M9
45185,2023-09-16,Y2023M9
45186,2023-09-17,Y2023M9
45187,2023-09-18,Y2023M9
45188,2023-09-19,Y2023M9
45189,2023-09-20,Y2023M9
45190,2023-09-21,Y2023M9
45191,2023-09-22,Y2023M9
45192,2023-09-23,Y2023M9
45193,2023-09-24,Y2023M9
45194,2023-09-25,Y2023M9
45195,2023-09-26,Y2023M9
45196,2023-09-27,Y2023M9
45197,2023-09-28,Y2023M9
45198,2023-09-29,Y2023M9
45199,2023-09-30,Y2023M9
45200,2023-10-01,Y2023M10
45201,2023-10-02,Y2023M10
45202,2023-10-03,Y2023M10
45203,2023-10-04,Y2023M10
45204,2023-10-05,Y2023M10
45205,2023-10-06,Y2023M10
45206,2023-10-07,Y2023M10
45207,2023-10-08,Y2023M10
45208,2023-10-09,Y2023M10
45209,2023-10-10,Y2023M10
45210,2023-10-11,Y2023M10
45211,2023-10-12,Y2023M10
45212,2023-10-13,Y2023M10
45213,2023-10-14,Y2023M10
45214,2023-10-15,Y2023M10
45215,2023-10-16,Y2023M10
45216,2023-10-17,Y2023M10
45217,2023-10-18,Y2023M10
45218,2023-10-19,Y2023M10
45219,2023-10-20,Y2023M10
45220,2023-10-21,Y2023M10
45221,2023-10-22,Y2023M10
45222,2023-10-23,Y2023M10
45223,2023-10-24,Y2023M10
45224,2023-10-25,Y2023M10
45225,2023-10-26,Y2023M10
45226,2023-10-27,Y2023M10
45227,2023-10-28,Y2023M10
45228,2023-10-29,Y2023M10
45229,2023-10-30,Y2023M10
45230,2023-10-31,Y2023M10
45231,2023-11-01,Y2023M11
45232,2023-11-02,Y2023M11
45233,2023-11-03,Y2023M11
45234,2023-11-04,Y2023M11
45235,2023-11-05,Y2023M11
45236,2023-11-06,Y2023M11
45237,2023-11-07,Y2023M11
45238,2023-11-08,Y2023M11
45239,2023-11-09,Y2023M11
45240,2023-11-10,Y2023M11
45241,2023-11-11,Y2023M11
45242,2023-11-12,Y2023M11
45243,2023-11-13,Y2023M11
45244,2023-11-14,Y2023M11
45245,2023-11-15,Y2023M11
45246,2023-11-16,Y2023M11
45247,2023-11-17,Y2023M11
45248,2023-11-18,Y2023M11
45249,2023-11-19,Y2023M11
45250,2023-11-20,Y2023M11
45251,2023-11-21,Y2023M11
45252,2023-11-22,Y2023M11
45253,2023-11-23,Y2023M11
45254,2023-11-24,Y2023M11
45255,2023-11-25,Y2023M11
45256,2023-11-26,Y2023M11
45257,2023-11-27,Y2023M11
45258,2023-11-28,Y2023M11
45259,2023-11-29,Y2023M11
45260,2023-11-30,Y2023M11
45261,2023-12-01,Y2023M12
45262,2023-12-02,Y2023M12
45263,2023-12-03,Y2023M12
45264,2023-12-04,Y2023M12
45265,2023-12-05,Y2023M12
45266,2023-12-06,Y2023M12
45267,2023-12-07,Y2023M12
45268,2023-12-08,Y2023M12
45269,2023-12-09,Y2023M12
45270,2023-12-10,Y2023M12
45271,2023-12-11,Y2023M12
45272,2023-12-12,Y2023M12
45273,2023-12-13,Y2023M12
45274,2023-12-14,Y2023M12
45275,2023-12-15,Y2023M12
45276,2023-12-16,Y2023M12
45277,2023-12-17,Y2023M12
45278,2023-12-18,Y2023M12
45279,2023-12-19,Y2023M12
45280,2023-12-20,Y2023M12
45281,2023-12-21,Y2023M12
45282,2023-12-22,Y2023M12
45283,2023-12-23,Y2023M12
45284,2023-12-24,Y2023M12
45285,2023-12-25,Y2023M12
45286,2023-12-26,Y2023M12
45287,2023-12-27,Y2023M12
45288,2023-12-28,Y2023M12
45289,2023-12-29,Y2023M12
45290,2023-12-30,Y2023M12
45291,2023-12-31,Y2023M12
45292,2024-01-01,Y2024M1
45293,2024-01-02,Y2024M1
45294,2024-01-03,Y2024M1
45295,2024-01-04,Y2024M1
45296,2024-01-05,Y2024M1
45297,2024-01-06,Y2024M1
45298,2024-01-07,Y2024M1
45299,2024-01-08,Y2024M1
45300,2024-01-09,Y2024M1
45301,2024-01-10,Y2024M1
45302,2024-01-11,Y2024M1
45303,2024-01-12,Y2024M1
45304,2024-01-13,Y2024M1
45305,2024-01-14,Y2024M1
45306,2024-01-15,Y2024M1
45307,2024-01-16,Y2024M1
45308,2024-01-17,Y2024M1
45309,2024-01-18,Y2024M1
45310,2024-01-19,Y2024M1
45311,2024-01-20,Y2024M1
45312,2024-01-21,Y2024M1
45313,2024-01-22,Y2024M1
45314,2024-01-23,Y2024M1
45315,2024-01-24,Y2024M1
45316,2024-01-25,Y2024M1
45317,2024-01-26,Y2024M1
45318,2024-01-27,Y2024M1
45319,2024-01-28,Y2024M1
45320,2024-01-29,Y2024M1
45321,2024-01-30,Y2024M1
45322,2024-01-31,Y2024M1
45323,2024-02-01,Y2024M2
45324,2024-02-02,Y2024M2
45325,2024-02-03,Y2024M2
45326,2024-02-04,Y2024M2
45327,2024-02-05,Y2024M2
45328,2024-02-06,Y2024M2
45329,2024-02-07,Y2024M2
45330,2024-02-08,Y2024M2
45331,2024-02-09,Y2024M2
45332,2024-02-10,Y2024M2
45333,2024-02-11,Y2024M2
45334,2024-02-12,Y2024M2
45335,2024-02-13,Y2024M2
45336,2024-02-14,Y2024M2
45337,2024-02-15,Y2024M2
45338,2024-02-16,Y2024M2
45339,2024-02-17,Y2024M2
45340,2024-02-18,Y2024M2
45341,2024-02-19,Y2024M2
45342,2024-02-20,Y2024M2
45343,2024-02-21,Y2024M2
45344,2024-02-22,Y2024M2
45345,2024-02-23,Y2024M2
45346,2024-02-24,Y2024M2
45347,2024-02-25,Y2024M2
45348,2024-02-26,Y2024M2
45349,2024-02-27,Y2024M2
45350,2024-02-28,Y2024M2
45351,2024-02-29,Y2024M2
45352,2024-03-01,Y2024M3
45353,2024-03-02,Y2024M3
45354,2024-03-03,Y2024M3
45355,2024-03-04,Y2024M3
45356,2024-03-05,Y2024M3
45357,2024-03-06,Y2024M3
45358,2024-03-07,Y2024M3
45359,2024-03-08,Y2024M3
45360,2024-03-09,Y2024M3
45361,2024-03-10,Y2024M3
45362,2024-03-11,Y2024M3
45363,2024-03-12,Y2024M3
45364,2024-03-13,Y2024M3
45365,2024-03-14,Y2024M3
45366,2024-03-15,Y2024M3
45367,2024-03-16,Y2024M3
45368,2024-03-17,Y2024M3
45369,2024-03-18,Y2024M3
45370,2024-03-19,Y2024M3
45371,2024-03-20,Y2024M3
45372,2024-03-21,Y2024M3
45373,2024-03-22,Y2024M3
45374,2024-03-23,Y2024M3
45375,2024-03-24,Y2024M3
45376,2024-03-25,Y2024M3
45377,2024-03-26,Y2024M3
45378,2024-03-27,Y2024M3
45379,2024-03-28,Y2024M3
45380,2024-03-29,Y2024M3
45381,2024-03-30,Y2024M3
45382,2024-03-31,Y2024M3
45383,2024-04-01,Y2024M4
45384,2024-04-02,Y2024M4
45385,2024-04-03,Y2024M4
45386,2024-04-04,Y2024M4
45387,2024-04-05,Y2024M4
45388,2024-04-06,Y2024M4
45389,2024-04-07,Y2024M4
45390,2024-04-08,Y2024M4
45391,2024-04-09,Y2024M4
45392,2024-04-10,Y2024M4
45393,2024-04-11,Y2024M4
45394,2024-04-12,Y2024M4
45395,2024-04-13,Y2024M4
45396,2024-04-14,Y2024M4
45397,2024-04-15,Y2024M4
45398,2024-04-16,Y2024M4
45399,2024-04-17,Y2024M4
45400,2024-04-18,Y2024M4
45401,2024-04-19,Y2024M4
45402,2024-04-20,Y2024M4
45403,2024-04-21,Y2024M4
45404,2024-04-22,Y2024M4
45405,2024-04-23,Y2024M4
45406,2024-04-24,Y2024M4
45407,2024-04-25,Y2024M4
45408,2024-04-26,Y2024M4
45409,2024-04-27,Y2024M4
45410,2024-04-28,Y2024M4
45411,2024-04-29,Y2024M4
45412,2024-04-30,Y2024M4
45413,2024-05-01,Y2024M5
45414,2024-05-02,Y2024M5
45415,2024-05-03,Y2024M5
45416,2024-05-04,Y2024M5
45417,2024-05-05,Y2024M5
45418,2024-05-06,Y2024M5
45419,2024-05-07,Y2024M5
45420,2024-05-08,Y2024M5
45421,2024-05-09,Y2024M5
45422,2024-05-10,Y2024M5
45423,2024-05-11,Y2024M5
45424,2024-05-12,Y2024M5
45425,2024-05-13,Y2024M5
45426,2024-05-14,Y2024M5
45427,2024-05-15,Y2024M5
45428,2024-05-16,Y2024M5
45429,2024-05-17,Y2024M5
45430,2024-05-18,Y2024M5
45431,2024-05-19,Y2024M5
45432,2024-05-20,Y2024M5
45433,2024-05-21,Y2024M5
45434,2024-05-22,Y2024M5
45435,2024-05-23,Y2024M5
45436,2024-05-24,Y2024M5
45437,2024-05-25,Y2024M5
45438,2024-05-26,Y2024M5
45439,2024-05-27,Y2024M5
45440,2024-05-28,Y2024M5
45441,2024-05-29,Y2024M5
45442,2024-05-30,Y2024M5
45443,2024-05-31,Y2024M5
45444,2024-06-01,Y2024M6
45445,2024-06-02,Y2024M6
45446,2024-06-03,Y2024M6
45447,2024-06-04,Y2024M6
45448,2024-06-05,Y2024M6
45449,2024-06-06,Y2024M6
45450,2024-06-07,Y2024M6
45451,2024-06-08,Y2024M6
45452,2024-06-09,Y2024M6
45453,2024-06-10,Y2024M6
45454,2024-06-11,Y2024M6
45455,2024-06-12,Y2024M6
45456,2024-06-13,Y2024M6
45457,2024-06-14,Y2024M6
45458,2024-06-15,Y2024M6
45459,2024-06-16,Y2024M6
45460,2024-06-17,Y2024M6
45461,2024-06-18,Y2024M6
45462,2024-06-19,Y2024M6
45463,2024-06-20,Y2024M6
45464,2024-06-21,Y2024M6
45465,2024-06-22,Y2024M6
45466,2024-06-23,Y2024M6
45467,2024-06-24,Y2024M6
45468,2024-06-25,Y2024M6
45469,2024-06-26,Y2024M6
45470,2024-06-27,Y2024M6
45471,2024-06-28,Y2024M6
45472,2024-06-29,Y2024M6
45473,2024-06-30,Y2024M6
45474,2024-07-01,Y2024M7
45475,2024-07-02,Y2024M7
45476,2024-07-03,Y2024M7
45477,2024-07-04,Y2024M7
45478,2024-07-05,Y2024M7
45479,2024-07-06,Y2024M7
45480,2024-07-07,Y2024M7
45481,2024-07-08,Y2024M7
45482,2024-07-09,Y2024M7
45483,2024-07-10,Y2024M7
45484,2024-07-11,Y2024M7
45485,2024-07-12,Y2024M7
45486,2024-07-13,Y2024M7
45488,2024-07-15,Y2024M7
45489,2024-07-16,Y2024M7
45490,2024-07-17,Y2024M7
45491,2024-07-18,Y2024M7
45492,2024-07-19,Y2024M7
45493,2024-07-20,Y2024M7
45494,2024-07-21,Y2024M7
45495,2024-07-22,Y2024M7
45496,2024-07-23,Y2024M7
45497,2024-07-24,Y2024M7
45498,2024-07-25,Y2024M7
45499,2024-07-26,Y2024M7
45500,2024-07-27,Y2024M7
45501,2024-07-28,Y2024M7
45502,2024-07-29,Y2024M7
45503,2024-07-30,Y2024M7
45504,2024-07-31,Y2024M7
45505,2024-08-01,Y2024M8
45506,2024-08-02,Y2024M8
45507,2024-08-03,Y2024M8
45508,2024-08-04,Y2024M8
45509,2024-08-05,Y2024M8
45510,2024-08-06,Y2024M8
45511,2024-08-07,Y2024M8
45512,2024-08-08,Y2024M8
45513,2024-08-09,Y2024M8
45514,2024-08-10,Y2024M8
45515,2024-08-11,Y2024M8
45516,2024-08-12,Y2024M8
45517,2024-08-13,Y2024M8
45518,2024-08-14,Y2024M8
45519,2024-08-15,Y2024M8
45520,2024-08-16,Y2024M8
45521,2024-08-17,Y2024M8
45522,2024-08-18,Y2024M8
45523,2024-08-19,Y2024M8
45524,2024-08-20,Y2024M8
45525,2024-08-21,Y2024M8
45526,2024-08-22,Y2024M8
45527,2024-08-23,Y2024M8
45528,2024-08-24,Y2024M8
45529,2024-08-25,Y2024M8
45530,2024-08-26,Y2024M8
45531,2024-08-27,Y2024M8
45532,2024-08-28,Y2024M8
45533,2024-08-29,Y2024M8
45534,2024-08-30,Y2024M8
45535,2024-08-31,Y2024M8
45536,2024-09-01,Y2024M9
45537,2024-09-02,Y2024M9
45538,2024-09-03,Y2024M9
45539,2024-09-04,Y2024M9
45540,2024-09-05,Y2024M9
45541,2024-09-06,Y2024M9
45542,2024-09-07,Y2024M9
45543,2024-09-08,Y2024M9
45544,2024-09-09,Y2024M9
45545,2024-09-10,Y2024M9
45546,2024-09-11,Y2024M9
45547,2024-09-12,Y2024M9
45548,2024-09-13,Y2024M9
45549,2024-09-14,Y2024M9
45550,2024-09-15,Y2024M9
45551,2024-09-16,Y2024M9
45552,2024-09-17,Y2024M9
45553,2024-09-18,Y2024M9
45554,2024-09-19,Y2024M9
45555,2024-09-20,Y2024M9
45558,2024-09-23,Y2024M9
45559,2024-09-24,Y2024M9
45560,2024-09-25,Y2024M9
45561,2024-09-26,Y2024M9
45562,2024-09-27,Y2024M9
45563,2024-09-28,Y2024M9
45564,2024-09-29,Y2024M9
45565,2024-09-30,Y2024M9
45566,2024-10-01,Y2024M10
45567,2024-10-02,Y2024M10
45568,2024-10-03,Y2024M10
45569,2024-10-04,Y2024M10
45570,2024-10-05,Y2024M10
45571,2024-10-06,Y2024M10
45572,2024-10-07,Y2024M10
45573,2024-10-08,Y2024M10
45574,2024-10-09,Y2024M10
45575,2024-10-10,Y2024M10
45576,2024-10-11,Y2024M10
45577,2024-10-12,Y2024M10
45579,2024-10-14,Y2024M10
45580,2024-10-15,Y2024M10
45581,2024-10-16,Y2024M10
45582,2024-10-17,Y2024M10
45583,2024-10-18,Y2024M10
45584,2024-10-19,Y2024M10
45585,2024-10-20,Y2024M10
45586,2024-10-21,Y2024M10
45587,2024-10-22,Y2024M10
45588,2024-10-23,Y2024M10
45589,2024-10-24,Y2024M10
45590,2024-10-25,Y2024M10
45591,2024-10-26,Y2024M10
45592,2024-10-27,Y2024M10
45593,2024-10-28,Y2024M10
45594,2024-10-29,Y2024M10
45595,2024-10-30,Y2024M10
45596,2024-10-31,Y2024M10
45597,2024-11-01,Y2024M11
45598,2024-11-02,Y2024M11
45599,2024-11-03,Y2024M11
45600,2024-11-04,Y2024M11
45601,2024-11-05,Y2024M11
45602,2024-11-06,Y2024M11
45603,2024-11-07,Y2024M11
45604,2024-11-08,Y2024M11
45605,2024-11-09,Y2024M11
45606,2024-11-10,Y2024M11
45607,2024-11-11,Y2024M11
45608,2024-11-12,Y2024M11
45609,2024-11-13,Y2024M11
45610,2024-11-14,Y2024M11
45611,2024-11-15,Y2024M11
45612,2024-11-16,Y2024M11
45613,2024-11-17,Y2024M11
45614,2024-11-18,Y2024M11
45615,2024-11-19,Y2024M11
45616,2024-11-20,Y2024M11
45617,2024-11-21,Y2024M11
45618,2024-11-22,Y2024M11
45621,2024-11-25,Y2024M11
45622,2024-11-26,Y2024M11
45623,2024-11-27,Y2024M11
45624,2024-11-28,Y2024M11
45625,2024-11-29,Y2024M11
45628,2024-12-02,Y2024M12
45629,2024-12-03,Y2024M12
45630,2024-12-04,Y2024M12
45631,2024-12-05,Y2024M12
45632,2024-12-06,Y2024M12
45633,2024-12-07,Y2024M12
45634,2024-12-08,Y2024M12
45635,2024-12-09,Y2024M12
45636,2024-12-10,Y2024M12
45637,2024-12-11,Y2024M12
45638,2024-12-12,Y2024M12
45639,2024-12-13,Y2024M12
45642,2024-12-16,Y2024M12
45643,2024-12-17,Y2024M12
45644,2024-12-18,Y2024M12
45645,2024-12-19,Y2024M12
45646,2024-12-20,Y2024M12
45647,2024-12-21,Y2024M12
45648,2024-12-22,Y2024M12
45649,2024-12-23,Y2024M12
45650,2024-12-24,Y2024M12
45651,2024-12-25,Y2024M12
45652,2024-12-26,Y2024M12
45653,2024-12-27,Y2024M12
45654,2024-12-28,Y2024M12
45655,2024-12-29,Y2024M12
45656,2024-12-30,Y2024M12
45657,2024-12-31,Y2024M12
45658,2025-01-01,Y2025M1
45659,2025-01-02,Y2025M1
45660,2025-01-03,Y2025M1
45663,2025-01-06,Y2025M1
45664,2025-01-07,Y2025M1
45665,2025-01-08,Y2025M1
45666,2025-01-09,Y2025M1
45667,2025-01-10,Y2025M1
45670,2025-01-13,Y2025M1
45671,2025-01-14,Y2025M1
45672,2025-01-15,Y2025M1
45673,2025-01-16,Y2025M1
45674,2025-01-17,Y2025M1
45677,2025-01-20,Y2025M1
45678,2025-01-21,Y2025M1
45679,2025-01-22,Y2025M1
45680,2025-01-23,Y2025M1
45681,2025-01-24,Y2025M1
45683,2025-01-26,Y2025M1
45684,2025-01-27,Y2025M1
45685,2025-01-28,Y2025M1
45686,2025-01-29,Y2025M1
45687,2025-01-30,Y2025M1
45688,2025-01-31,Y2025M1
45691,2025-02-03,Y2025M2
45692,2025-02-04,Y2025M2
45693,2025-02-05,Y2025M2
45694,2025-02-06,Y2025M2
45695,2025-02-07,Y2025M2
45696,2025-02-08,Y2025M2
45698,2025-02-10,Y2025M2
45699,2025-02-11,Y2025M2
45700,2025-02-12,Y2025M2
45701,2025-02-13,Y2025M2
45702,2025-02-14,Y2025M2
45705,2025-02-17,Y2025M2
45706,2025-02-18,Y2025M2
45707,2025-02-19,Y2025M2
45708,2025-02-20,Y2025M2
45709,2025-02-21,Y2025M2
45712,2025-02-24,Y2025M2
45713,2025-02-25,Y2025M2
45714,2025-02-26,Y2025M2
45715,2025-02-27,Y2025M2
45716,2025-02-28,Y2025M2
45719,2025-03-03,Y2025M3
45720,2025-03-04,Y2025M3
45721,2025-03-05,Y2025M3
45722,2025-03-06,Y2025M3
45723,2025-03-07,Y2025M3
45726,2025-03-10,Y2025M3
45727,2025-03-11,Y2025M3
45728,2025-03-12,Y2025M3
45729,2025-03-13,Y2025M3
45730,2025-03-14,Y2025M3
45733,2025-03-17,Y2025M3
45734,2025-03-18,Y2025M3
45735,2025-03-19,Y2025M3
45736,2025-03-20,Y2025M3
45737,2025-03-21,Y2025M3
45740,2025-03-24,Y2025M3
45741,2025-03-25,Y2025M3
45742,2025-03-26,Y2025M3
45743,2025-03-27,Y2025M3
45744,2025-03-28,Y2025M3
45747,2025-03-31,Y2025M3
45748,2025-04-01,Y2025M4
45749,2025-04-02,Y2025M4
45750,2025-04-03,Y2025M4
45751,2025-04-04,Y2025M4
45754,2025-04-07,Y2025M4
45755,2025-04-08,Y2025M4
45756,2025-04-09,Y2025M4
45757,2025-04-10,Y2025M4
45758,2025-04-11,Y2025M4
45760,2025-04-13,Y2025M4
45761,2025-04-14,Y2025M4
45762,2025-04-15,Y2025M4
45763,2025-04-16,Y2025M4
45764,2025-04-17,Y2025M4
45765,2025-04-18,Y2025M4
45767,2025-04-20,Y2025M4
45768,2025-04-21,Y2025M4
45769,2025-04-22,Y2025M4
45770,2025-04-23,Y2025M4
45771,2025-04-24,Y2025M4
45772,2025-04-25,Y2025M4
45774,2025-04-27,Y2025M4
45775,2025-04-28,Y2025M4
45776,2025-04-29,Y2025M4
45777,2025-04-30,Y2025M4
45778,2025-05-01,Y2025M5
45779,2025-05-02,Y2025M5
45781,2025-05-04,Y2025M5
45782,2025-05-05,Y2025M5
45783,2025-05-06,Y2025M5
45784,2025-05-07,Y2025M5
45785,2025-05-08,Y2025M5
45786,2025-05-09,Y2025M5
45788,2025-05-11,Y2025M5
45789,2025-05-12,Y2025M5
45790,2025-05-13,Y2025M5
45791,2025-05-14,Y2025M5
45792,2025-05-15,Y2025M5
45793,2025-05-16,Y2025M5
45794,2025-05-17,Y2025M5
45795,2025-05-18,Y2025M5
45796,2025-05-19,Y2025M5
45797,2025-05-20,Y2025M5
45798,2025-05-21,Y2025M5
45799,2025-05-22,Y2025M5
45800,2025-05-23,Y2025M5
45802,2025-05-25,Y2025M5
45803,2025-05-26,Y2025M5
45804,2025-05-27,Y2025M5
45805,2025-05-28,Y2025M5
45806,2025-05-29,Y2025M5
45807,2025-05-30,Y2025M5
45808,2025-05-31,Y2025M5
45809,2025-06-01,Y2025M6
45810,2025-06-02,Y2025M6
45811,2025-06-03,Y2025M6
45812,2025-06-04,Y2025M6
45813,2025-06-05,Y2025M6
45814,2025-06-06,Y2025M6
45816,2025-06-08,Y2025M6
45817,2025-06-09,Y2025M6
45818,2025-06-10,Y2025M6
45819,2025-06-11,Y2025M6
45820,2025-06-12,Y2025M6
45821,2025-06-13,Y2025M6
45823,2025-06-15,Y2025M6
45824,2025-06-16,Y2025M6
45825,2025-06-17,Y2025M6
45826,2025-06-18,Y2025M6
45827,2025-06-19,Y2025M6
45828,2025-06-20,Y2025M6
45830,2025-06-22,Y2025M6
45831,2025-06-23,Y2025M6
45832,2025-06-24,Y2025M6
45833,2025-06-25,Y2025M6
45834,2025-06-26,Y2025M6
45835,2025-06-27,Y2025M6
45836,2025-06-28,Y2025M6
45837,2025-06-29,Y2025M6
45838,2025-06-30,Y2025M6
45839,2025-07-01,Y2025M7
45840,2025-07-02,Y2025M7
45841,2025-07-03,Y2025M7
45842,2025-07-04,Y2025M7
45844,2025-07-06,Y2025M7
45845,2025-07-07,Y2025M7
45846,2025-07-08,Y2025M7
45847,2025-07-09,Y2025M7
45848,2025-07-10,Y2025M7
45849,2025-07-11,Y2025M7
45851,2025-07-13,Y2025M7
45852,2025-07-14,Y2025M7
45853,2025-07-15,Y2025M7
45854,2025-07-16,Y2025M7
45855,2025-07-17,Y2025M7
45856,2025-07-18,Y2025M7
45858,2025-07-20,Y2025M7
45859,2025-07-21,Y2025M7
45860,2025-07-22,Y2025M7
45861,2025-07-23,Y2025M7
45862,2025-07-24,Y2025M7
45863,2025-07-25,Y2025M7
45865,2025-07-27,Y2025M7
45866,2025-07-28,Y2025M7
45867,2025-07-29,Y2025M7
45868,2025-07-30,Y2025M7
45869,2025-07-31,Y2025M7
45870,2025-08-01,Y2025M8
45872,2025-08-03,Y2025M8
45873,2025-08-04,Y2025M8
45874,2025-08-05,Y2025M8
45875,2025-08-06,Y2025M8
45876,2025-08-07,Y2025M8
45877,2025-08-08,Y2025M8
45879,2025-08-10,Y2025M8
45880,2025-08-11,Y2025M8
45881,2025-08-12,Y2025M8
45882,2025-08-13,Y2025M8
45883,2025-08-14,Y2025M8
45884,2025-08-15,Y2025M8
45886,2025-08-17,Y2025M8
45887,2025-08-18,Y2025M8
45888,2025-08-19,Y2025M8
45889,2025-08-20,Y2025M8
45890,2025-08-21,Y2025M8
45891,2025-08-22,Y2025M8
45893,2025-08-24,Y2025M8
45894,2025-08-25,Y2025M8
45895,2025-08-26,Y2025M8
45896,2025-08-27,Y2025M8
45897,2025-08-28,Y2025M8
45898,2025-08-29,Y2025M8
45900,2025-08-31,Y2025M8
